<?xml version="1.0" encoding="UTF-8"?>
<items>
    <item itemtype="Electronics">
        <name>Television</name>
        <rate>500</rate>
        <quantity>10</quantity>
    </item>
    <item itemtype="Clothing">
        <name>Shirt</name>
        <rate>50</rate>
        <quantity>20</quantity>
    </item>
    <item itemtype="Grocery">
        <name>Rice</name>
        <rate>40</rate>
        <quantity>30</quantity>
    </item>
    <item itemtype="Books">
        <name>Harry Potter and the Philosopher's Stone</name>
        <rate>20</rate>
        <quantity>50</quantity>
    </item>
    <item itemtype="Sports">
        <name>Football</name>
        <rate>100</rate>
        <quantity>5</quantity>
    </item>
</items>
