<books>
    <book>
        <title>The Great Gatsby</title>
        <author>F. Scott Fitzgerald</author>
        <year>1925</year>
        <price>10.99</price>
    </book>
    <book>
        <title>To Kill a Mockingbird</title>
        <author>Harper Lee</author>
        <year>1960</year>
        <price>8.99</price>
    </book>
    <book>
        <title>1984</title>
        <author>George Orwell</author>
        <year>1949</year>
        <price>6.99</price>
    </book>
    <book>
        <title>Pride and Prejudice</title>
        <author>Jane Austen</author>
        <year>1813</year>
        <price>7.99</price>
    </book>
</books>

