<?xml version="1.0" encoding="UTF-8"?>
<students>
    <student>
        <rollno>1</rollno>
        <name>John Doe</name>
        <address>123 Main St</address>
        <college>ABC College</college>
        <course>Computer Science</course>
    </student>
    <student>
        <rollno>2</rollno>
        <name>Jane Smith</name>
        <address>456 Main St</address>
        <college>DEF College</college>
        <course>Information Technology</course>
    </student>
    <student>
        <rollno>3</rollno>
        <name>Bob Johnson</name>
        <address>789 Main St</address>
        <college>GHI College</college>
        <course>Business Administration</course>
    </student>
    <student>
        <rollno>4</rollno>
        <name>Sarah Lee</name>
        <address>101 Main St</address>
        <college>JKL College</college>
        <course>Marketing</course>
    </student>
    <student>
        <rollno>5</rollno>
        <name>Tom Brown</name>
        <address>121 Main St</address>
        <college>MNO College</college>
        <course>Computer Science</course>
    </student>
</students>
