<?xml version="1.0" encoding="UTF-8"?>
<students>
    <student>
        <name>John Doe</name>
        <age>21</age>
        <gender>Male</gender>
        <major>Computer Science</major>
        <gpa>3.8</gpa>
    </student>
    <student>
        <name>Jane Smith</name>
        <age>19</age>
        <gender>Female</gender>
        <major>Business</major>
        <gpa>3.5</gpa>
    </student>
    <student>
        <name>Tom Johnson</name>
        <age>20</age>
        <gender>Male</gender>
        <major>Engineering</major>
        <gpa>3.2</gpa>
    </student>
    <student>
        <name>Sara Lee</name>
        <age>22</age>
        <gender>Female</gender>
        <major>Psychology</major>
        <gpa>3.6</gpa>
    </student>
    <student>
        <name>Mike Brown</name>
        <age>18</age>
        <gender>Male</gender>
        <major>Education</major>
        <gpa>3.4</gpa>
    </student>
</students>
