<?xml version="1.0" encoding="UTF-8"?>
<Bookstore>
    <Yoga>
        <Book>
            <Book_Title>Light on Yoga</Book_Title>
            <Book_Author>B.K.S. Iyengar</Book_Author>
            <Book_Price>20.99</Book_Price>
        </Book>
        <Book>
            <Book_Title>The Yoga Bible</Book_Title>
            <Book_Author>Christina Brown</Book_Author>
            <Book_Price>15.50</Book_Price>
        </Book>
    </Yoga>
    
    <Story>
        <Book>
            <Book_Title>The Alchemist</Book_Title>
            <Book_Author>Paulo Coelho</Book_Author>
            <Book_Price>12.99</Book_Price>
        </Book>
        <Book>
            <Book_Title>The Da Vinci Code</Book_Title>
            <Book_Author>Dan Brown</Book_Author>
            <Book_Price>14.75</Book_Price>
        </Book>
    </Story>
    
    <Technical>
        <Book>
            <Book_Title>Python for Data Science Handbook</Book_Title>
            <Book_Author>Jake VanderPlas</Book_Author>
            <Book_Price>28.99</Book_Price>
        </Book>
        <Book>
            <Book_Title>Cracking the Coding Interview</Book_Title>
            <Book_Author>Gayle Laakmann McDowell</Book_Author>
            <Book_Price>23.50</Book_Price>
        </Book>
    </Technical>
</Bookstore>
