<?xml version="1.0" encoding="UTF-8"?>
<MovieList>
    <MovieInfo>
        <MovieNo>1</MovieNo>
        <MovieTitle>The Shawshank Redemption</MovieTitle>
        <ActorName>Tim Robbins</ActorName>
        <ReleaseYear>1994</ReleaseYear>
    </MovieInfo>
    <MovieInfo>
        <MovieNo>2</MovieNo>
        <MovieTitle>The Godfather</MovieTitle>
        <ActorName>Marlon Brando</ActorName>
        <ReleaseYear>1972</ReleaseYear>
    </MovieInfo>
    <MovieInfo>
        <MovieNo>3</MovieNo>
        <MovieTitle>The Dark Knight</MovieTitle>
        <ActorName>Christian Bale</ActorName>
        <ReleaseYear>2008</ReleaseYear>
    </MovieInfo>
    <MovieInfo>
        <MovieNo>4</MovieNo>
        <MovieTitle>The Godfather: Part II</MovieTitle>
        <ActorName>Al Pacino</ActorName>
        <ReleaseYear>1974</ReleaseYear>
    </MovieInfo>
    <MovieInfo>
        <MovieNo>5</MovieNo>
        <MovieTitle>12 Angry Men</MovieTitle>
        <ActorName>Henry Fonda</ActorName>
        <ReleaseYear>1957</ReleaseYear>
    </MovieInfo>
</MovieList>
